longitude,latitude,label,red_mean,red_std,red_min,red_max,red_p10,red_p90,red_amp,nir_mean,nir_std,nir_min,nir_max,nir_p10,nir_p90,nir_amp,ndvi_mean,ndvi_std,ndvi_min,ndvi_max,ndvi_p10,ndvi_p90,ndvi_amp
-59.90945933009222,-6.052427720347552,Disturbio,0.06541473890571954,0.011517763552733023,0.05149999999999999,0.10040000000000002,0.05400000500982749,0.08105000377024865,0.04890000000000003,0.2140851286673691,0.0786641549611205,0.0865,0.29580000000000006,0.09909998513918236,0.29099998766811697,0.20930000000000007,0.47126476264213335,0.21867491273590092,0.1374095989480605,0.6940896940896941,0.17885036328605328,0.6882000837443718,0.5566800951416336
-59.95545245480221,-6.097411956225043,Disturbio,0.03529757968811246,0.020042733435074157,0.018299999999999997,0.09029999999999999,0.019199999250926525,0.0708839775748888,0.072,0.29700604606391706,0.03903978343844832,0.19500000000000003,0.37940000000000007,0.2652000495693493,0.3461749761731657,0.18440000000000004,0.7966509255826051,0.08759385872297601,0.5050391937290033,0.8722067039106146,0.6460481649766953,0.8675193311303868,0.3671675101816113
-59.93630902993421,-6.079299773615882,Disturbio,0.05863367799769634,0.022574108284707704,0.028600000000000014,0.0958,0.03854000028958336,0.09099428868130889,0.06719999999999998,0.2241662464169451,0.05689619724913692,0.1423,0.3184,0.154642860760667,0.28230993315169367,0.1761,0.5605075054505277,0.21984123174260775,0.24655918206842317,0.8351585014409221,0.25733456735743643,0.7390283660579161,0.5885993193724989
-59.90595749846469,-6.044969238201215,Disturbio,0.06789939234062191,0.010295968059857543,0.0504,0.08660000000000001,0.056640018300330254,0.08339999607642935,0.03620000000000001,0.1964167903302848,0.07911874022267809,0.0832,0.30410000000000004,0.10350022387390105,0.27839997911375447,0.22090000000000004,0.4297470460139691,0.2136197208250138,0.1258457374830853,0.6652644230769231,0.17851763702297216,0.6496247067382757,0.5394186855938379
-59.91109714656644,-6.123146971741829,Disturbio,0.03849919315114436,0.026542482031615737,0.0204,0.1448,0.022120035471726317,0.06859991920203898,0.12440000000000001,0.32525089821793807,0.0427407398393528,0.27659999999999996,0.40880000000000005,0.2814163665467948,0.3951,0.1322000000000001,0.8041604908812034,0.09108464707688273,0.44017011405374057,0.8746099290780142,0.6859085848955283,0.8558519682595619,0.4344398150242736
-59.93366306965367,-6.130432725814233,Disturbio,0.02799730203770158,0.00834395691207298,0.019199999999999995,0.04530000000000001,0.020200000383148682,0.04131000151156457,0.026100000000000012,0.3128599014500498,0.022616742913330136,0.26560000000000006,0.3496,0.2781999870281246,0.335933969488953,0.08399999999999996,0.8378156615552723,0.0361425105354474,0.7550027041644132,0.8794029850746269,0.7794144518692935,0.875203099590003,0.12440028091021371
-59.98243017022457,-6.088583537388296,Disturbio,0.02879118486265357,0.01744668386848095,0.012899999999999995,0.0874,0.013599998985972889,0.04734000000000001,0.07450000000000001,0.3160187478523486,0.05746016793239836,0.2421,0.4145000000000001,0.2456000142937233,0.3865299930556752,0.17240000000000008,0.8414535742799755,0.06924414497076341,0.6294254822980707,0.900578034682081,0.7580242122326252,0.8949881375146218,0.27115255238401026
-59.92215118361216,-6.048163343369044,Disturbio,0.07267650625894784,0.01976883022925155,0.04680000000000001,0.1116,0.049740006577674065,0.10025713548753015,0.0648,0.22852435405724453,0.06286471956497419,0.11599999999999999,0.30390000000000006,0.14515713901147556,0.29180000637389153,0.18790000000000007,0.4869811644574329,0.2115359976694949,0.1513647642679901,0.7296528173022198,0.20145001832862364,0.7054101553188507,0.5782880530342297
-59.95267228322101,-6.065718936085845,Disturbio,0.06484030753725827,0.024172779761468838,0.04100000000000001,0.10320000000000001,0.04411999752562347,0.10268571427311224,0.062200000000000005,0.2541123253590951,0.07072821956493872,0.1368,0.3349,0.1526800355675582,0.3156999978825004,0.19809999999999997,0.5612112553158942,0.22754187605176923,0.24363636363636368,0.760653823701109,0.2484916837642394,0.7535158813870814,0.5170174600647454
-59.92625720911218,-6.097597276498708,Disturbio,0.07910901053773253,0.01781544871403967,0.024499999999999994,0.15120000000000003,0.06279999562917128,0.08482858094596966,0.12670000000000003,0.18853348230881958,0.06387643994556723,0.09210000000000002,0.2934,0.09789998322830591,0.24460001329531145,0.20129999999999998,0.3678116164383021,0.1666677777975036,0.12251308900523561,0.8458634790814723,0.17006125139393696,0.5216173965502727,0.7233503900762367
-59.93995256391834,-6.084669874158111,Disturbio,0.06899176277669453,0.03584357544480528,0.024800000000000003,0.1354,0.02779999565416951,0.1172960147705962,0.11059999999999999,0.24223090498754493,0.054584793408908774,0.157,0.3408,0.17059999161415296,0.30209998946653627,0.1838,0.5489084246378855,0.2284353619446602,0.25645249862712804,0.8433849068519104,0.30015994062432627,0.821794903070416,0.5869324082247823
-59.94670746745433,-6.146252808580875,Disturbio,0.028484882835510525,0.017683402881837906,0.013399999999999995,0.0988,0.014799999635000298,0.03850000771481811,0.0854,0.2899325753752704,0.04980663390332033,0.17090000000000002,0.3712,0.25060000937735194,0.35354995053498417,0.20029999999999995,0.8282419988040904,0.0861852031598635,0.46594594594594596,0.8900602409638554,0.7695229562052923,0.8893714946516924,0.4241142950179094
-59.9402939704728,-6.1000203987170885,Disturbio,0.0817824552934739,0.04070899895234821,0.029700000000000004,0.19360000000000002,0.04564000000000001,0.12916000000000002,0.16390000000000002,0.2541461422711597,0.036675071716011615,0.17690000000000003,0.34330000000000005,0.21129989976232813,0.2906999876792926,0.16640000000000002,0.5212871692325532,0.20311695335279106,0.08700778118368306,0.8407506702412869,0.28056965231343006,0.6855947397519978,0.7537428890576039
-59.96811097725735,-6.07994905912045,Disturbio,0.028747566278092402,0.006845441461929848,0.021599999999999994,0.0514,0.022250000348333084,0.0361428682648811,0.029800000000000007,0.32007724749091304,0.028714505490454727,0.28080000000000005,0.3748,0.2862499900537581,0.3645142854622445,0.09399999999999997,0.8366037519042392,0.02438701557850927,0.7412534608608105,0.8634512997181335,0.8107315301551159,0.8574233121638895,0.12219783885732305
-59.96074187707176,-6.097295719107795,Disturbio,0.03921555231203134,0.005818993197290781,0.029200000000000004,0.05560000000000001,0.0345999996621157,0.04848995405948241,0.026400000000000007,0.30391054416383134,0.042778201160176645,0.25160000000000005,0.3903,0.26027999195148654,0.36289999527457567,0.13869999999999993,0.768124711365559,0.041540982923432196,0.665161096055405,0.8607866507747318,0.7288877079691477,0.8172258328764501,0.19562555471932686
-59.95097495472726,-6.116141361961186,Disturbio,0.03162306693148975,0.010325413385440572,0.020900000000000002,0.06920000000000001,0.023150002504375405,0.0370200215669973,0.04830000000000001,0.3272982196888788,0.042277308172961096,0.2711,0.39960000000000007,0.28439998523124876,0.38839997863792985,0.12850000000000006,0.8250916900730225,0.05550746682384331,0.5933000293858359,0.8700199203187251,0.7877580422008684,0.8538247811252332,0.2767198909328892
-59.96025900162426,-6.115078000546673,Disturbio,0.02847937970508803,0.013188605839305015,0.017100000000000004,0.0865,0.018409997634305064,0.043345716832400655,0.06939999999999999,0.2558910870479253,0.03753651389690876,0.21380000000000002,0.32830000000000004,0.21730000000000002,0.3013857136262064,0.11450000000000002,0.8063721503548461,0.055600375094014824,0.545335085413929,0.860235003092146,0.7468354919586662,0.8452690355072516,0.3148999176782169
-59.946425835105096,-6.0845073358129875,Disturbio,0.062470809471093236,0.029999223463453052,0.021500000000000005,0.1432,0.024159999946419722,0.09380003584928936,0.12169999999999999,0.22669162478076366,0.04053261684482329,0.1504,0.3015,0.18547144411076594,0.29361998676735174,0.15109999999999998,0.5627119887847948,0.20622311338924415,0.18912797281993207,0.8668730650154798,0.30669018727878855,0.8454596499850674,0.6777450921955477
-59.95952959123102,-6.121832738465448,Disturbio,0.03439482107322372,0.026696571508889398,0.017299999999999996,0.1808,0.019200000000000002,0.04578571778954453,0.16349999999999998,0.3316291303030159,0.039399890258102886,0.2286,0.39960000000000007,0.29490000382963144,0.379622633006297,0.17100000000000007,0.8214442665836704,0.09577670189800311,0.34587554269175114,0.8974206937444412,0.7663971551712615,0.8895076878289477,0.5515451510526901
-59.94322022903013,-6.07861225563591,Disturbio,0.0631975583219899,0.02487913995947959,0.03989999999999999,0.1318,0.042000001930555725,0.09477143131387285,0.09190000000000001,0.1699194203262486,0.035394313774513915,0.11930000000000002,0.2884,0.13229996211948447,0.2112400140575857,0.16909999999999997,0.46229232882348725,0.16398988099564116,0.21150278293135438,0.6718027734976888,0.2248015088833319,0.6389338112251731,0.4602999905663344
-59.95159867852441,-6.122853314727946,Disturbio,0.030796210334681655,0.015772543612165995,0.018500000000000003,0.09640000000000001,0.021379999550555914,0.03926004100099486,0.07790000000000001,0.29443703203767374,0.030948871738029286,0.2573,0.34830000000000005,0.26230002417332915,0.34242499340959903,0.09100000000000008,0.8179418597615583,0.061660021979985484,0.566449291657297,0.8836843759823954,0.7872299832010686,0.8548308280398015,0.3172350843250984
-59.949164302677914,-6.142970990947558,Disturbio,0.03313288106964934,0.02117522387130029,0.014799999999999994,0.11460000000000001,0.01910000038629605,0.04869602256780481,0.09980000000000001,0.3526687687411841,0.03476772408696189,0.2241,0.41890000000000005,0.32249971805641814,0.38266001117400006,0.19480000000000006,0.8348252380570886,0.08883319599458074,0.4756348661633493,0.8961674368034792,0.7757574638065353,0.8944519394783418,0.4205325706401299
-59.93063270105155,-6.148804394003509,Disturbio,0.029045123016354105,0.01955840096947864,0.0097,0.1112,0.017700000096574006,0.03533600560445474,0.10149999999999999,0.2747563606947891,0.038201970279516995,0.14200000000000002,0.3416,0.24925980548530388,0.31674996510824666,0.1996,0.8158966800316878,0.09912491348665574,0.3839335180055402,0.8756127450980393,0.7910279968898913,0.8722597922081355,0.4916792270924991
-59.90357840490484,-6.141739905184939,Disturbio,0.025793908985998776,0.01065859076388344,0.016399999999999998,0.05410000000000001,0.01707000022166651,0.0417228466935922,0.03770000000000001,0.3122051896103702,0.024302921344761086,0.28590000000000004,0.37450000000000006,0.29150001791976754,0.35370997613013916,0.08860000000000001,0.8510255522920087,0.0524133465417869,0.7011049723756905,0.8951071314358812,0.7763450664452616,0.8895944798878292,0.1940021590601907
-59.94386540277806,-6.0594544300048545,Disturbio,0.05890041791105642,0.024975932399103614,0.024800000000000003,0.1278,0.036019997490277574,0.09253999788569228,0.103,0.2160278204549158,0.059633777487612664,0.1311,0.3732,0.14220006414632594,0.26919998534697476,0.24209999999999998,0.5556032122621185,0.21862616883210106,0.22925457102672292,0.7528542646071189,0.2468000146190929,0.7441751489809599,0.5235996935803959
-59.94214063317199,-6.145836581716374,Disturbio,0.036611103469552986,0.02291405560162055,0.018600000000000005,0.1124,0.020400002113417127,0.06432000000000002,0.0938,0.34152917506779107,0.06896293514744554,0.21930000000000002,0.4851000000000001,0.2688000064498767,0.42461996928015705,0.26580000000000004,0.8106414029774396,0.10207559031124203,0.46931067044381497,0.8929889298892989,0.738366762787683,0.8772830997941732,0.42367825944548393
-59.92335350267065,-6.1309707874094626,Disturbio,0.029537095229752654,0.01223960965915714,0.0169,0.0902,0.018770006733161714,0.03983499760180105,0.0733,0.31106432245061555,0.0316975308933801,0.26460000000000006,0.36050000000000004,0.2723000006187496,0.3519999867783594,0.09589999999999999,0.83179794167208,0.04814048471826445,0.5883158375171155,0.8799289520426288,0.7915307859355059,0.8733369257185312,0.2916131145255133
-59.913076598947896,-6.116979922862139,Disturbio,0.02697474091197315,0.01846478296793749,0.015,0.099,0.016380004899285157,0.04700000000000004,0.084,0.3182737529699583,0.03055025407105169,0.24840000000000004,0.3668,0.2847200025554625,0.359284968721249,0.11839999999999998,0.8453722458177023,0.10363931856161145,0.4300518134715026,0.9057652911911033,0.7674894531080202,0.8987284354344541,0.47571347771960065
-59.95830431456076,-6.1030758124036915,Disturbio,0.02869568356293707,0.011782325839304825,0.017,0.06359999999999999,0.019140000247499844,0.04514973292891519,0.04659999999999999,0.2843517786531263,0.04743356180080753,0.2231,0.36550000000000005,0.23310000386480453,0.3523599965081663,0.14240000000000005,0.8212613866328599,0.04811500426306497,0.6499724821133738,0.8733982573039467,0.7547222893964178,0.8536237488042407,0.22342577519057294
-59.92994421972274,-6.107167175574973,Disturbio,0.06551273396901296,0.01845337782585051,0.019600000000000006,0.12,0.046150014339031833,0.08828000459434915,0.10039999999999999,0.20042708255848193,0.0793879207791015,0.09659999999999999,0.35930000000000006,0.10079998785498014,0.29021999365974865,0.26270000000000004,0.4553020119055103,0.2438870824853068,0.09372156505914471,0.8538404175988069,0.11935108221192055,0.6879485406362935,0.7601188525396622
-59.9399632666477,-6.097182648014683,Disturbio,0.07254479335374693,0.026383170610105075,0.024499999999999994,0.1388,0.045253330314329133,0.10460000000000001,0.11430000000000001,0.21417584704802467,0.05681784610573336,0.1302,0.32710000000000006,0.1456000016932863,0.28396666639946505,0.19690000000000005,0.46847128977609054,0.22729992074867542,0.06405933917734327,0.8606370875995452,0.18109566602717297,0.7172723743735209,0.7965777484222019
-59.96989314256045,-6.074288084796405,Disturbio,0.0313939716954064,0.012741670567838856,0.023400000000000004,0.10800000000000001,0.023400005212500435,0.03797143695324372,0.08460000000000001,0.34330126772435987,0.02121984105689494,0.3093,0.3909,0.321999981664379,0.3803857140280722,0.0816,0.8343862739352365,0.0565609086483744,0.4823867721063983,0.8679085520745132,0.8113607222199393,0.8673580793935446,0.38552177996811493
-59.963096868156434,-6.118261752718455,Disturbio,0.02684592468941225,0.007286444951115125,0.018000000000000002,0.046500000000000014,0.01919999798472144,0.037860005441049845,0.02850000000000001,0.3276548095356104,0.020275477210973433,0.30069999999999997,0.392,0.30529998667277247,0.35549993470057406,0.09130000000000005,0.8500337630454173,0.03345161463932227,0.7714987714987716,0.8937426210153482,0.8040749892873285,0.8885914412603139,0.12224384951657663
-59.93286327296797,-6.137259041795993,Disturbio,0.02770545601657545,0.016163467384175657,0.008499999999999994,0.0754,0.016619999662222468,0.05007998878667329,0.0669,0.2838410572525552,0.07989615111351825,0.1036,0.44400000000000006,0.2261000044424045,0.40532483583724566,0.34040000000000004,0.8319187262719662,0.0462129280887239,0.7096649980747015,0.8890616899948162,0.7541499010628863,0.8649203257308863,0.17939669192011465
-59.9392508760995,-6.1496209920282565,Disturbio,0.03588502266907831,0.020448872872268903,0.010400000000000006,0.1084,0.02189052397789923,0.05461999539833553,0.09799999999999999,0.33076490957994964,0.06369120104492912,0.1253,0.4337000000000001,0.28660000484754883,0.412099987501813,0.3084000000000001,0.8105517148705178,0.08917702802239842,0.4405161290322581,0.8664929990231194,0.7735241459690354,0.8629200703889167,0.42597686999086126
-59.92772918514766,-6.1147633356477815,Disturbio,0.025938990941279973,0.00943853478886228,0.015600000000000003,0.05180000000000001,0.016940002171296157,0.03905333767691486,0.03620000000000001,0.33555696516968686,0.03091922466990131,0.28459999999999996,0.4003000000000001,0.29832000197999875,0.3831999787594583,0.11570000000000014,0.8596969509052845,0.04050826918380187,0.7488484848484848,0.9050806206267112,0.8019350542336972,0.8953874489379571,0.15623213577822648
-59.95732963304231,-6.0763856873943,Disturbio,0.06120147366643963,0.02945316166517938,0.0208,0.1152,0.02103999971027797,0.08680002719037756,0.0944,0.236489009498262,0.07537307769078203,0.1194,0.35719999999999996,0.14143142804158107,0.319799999585926,0.23779999999999996,0.5479082802086043,0.2614356231195572,0.20418848167539264,0.8751875187518753,0.25000000081861873,0.8722836786376842,0.6709990370764827
-59.95084626552935,-6.104252236533888,Disturbio,0.02910099506993641,0.018767683785248422,0.015,0.10720000000000002,0.01648999750458244,0.04364003286399587,0.09220000000000002,0.2987118033981484,0.05344620942698664,0.2306,0.3984,0.24670000977433873,0.382459995764092,0.16779999999999998,0.8287169464352817,0.08618195655675866,0.4494093477144324,0.8823067869752845,0.7821372683182736,0.8745409975496387,0.4328974392608521
-59.93613210590733,-6.153237772240141,Disturbio,0.03266884252917214,0.01874994857949301,0.007300000000000001,0.1086,0.020239999999999998,0.0391999984059696,0.1013,0.3232761987780232,0.05047247175267422,0.122,0.38960000000000006,0.2945000124823845,0.36781595461994654,0.26760000000000006,0.8220638656571638,0.08603232900574172,0.45440844009042947,0.8870843000773395,0.7895127739402488,0.8793834112097517,0.43267585998691005
-59.93969192707994,-6.102705376665243,Disturbio,0.06309498981062817,0.021827539558027163,0.022500000000000006,0.0995,0.037639997337443706,0.09039999852032168,0.077,0.20728961833308443,0.05037943206135199,0.1273,0.28,0.13972999937459998,0.2705999803230804,0.15270000000000003,0.5177563992280432,0.21297104894971558,0.17530045586406964,0.8455200823892893,0.21540284401322035,0.7029642620507639,0.6702196265252197
-59.95528399935886,-6.0841233581553205,Disturbio,0.03703030697740428,0.016156198990384753,0.019100000000000006,0.06620000000000001,0.021160001138963228,0.06520571489958116,0.0471,0.28369518133460203,0.01936324382841641,0.24640000000000004,0.33310000000000006,0.2555828542772079,0.30914997833445557,0.08670000000000003,0.7708371377508942,0.09920177808454918,0.5764555342290467,0.8728785357737104,0.5943240740124913,0.8611932485644416,0.2964230015446637
-59.97540575694166,-6.097832513104222,Disturbio,0.026867271411998666,0.00796301354443419,0.017299999999999996,0.04830000000000001,0.019300001013332607,0.04033996162192907,0.031000000000000014,0.32075393563676824,0.016920459893570994,0.2984,0.3489,0.3009000012554622,0.3463999783298744,0.05049999999999999,0.8473025155450227,0.03936856171825771,0.7457225585680441,0.8917057902973398,0.7804934427440174,0.880911365025035,0.14598323172929561
-59.92734804746437,-6.107914153571408,Disturbio,0.05382444686996775,0.014476348309219792,0.0208,0.0875,0.041720004183889624,0.07313001787694248,0.0667,0.18510464390080494,0.06681857763582087,0.08330000000000001,0.3156,0.08995001464412418,0.24920000547567164,0.23229999999999998,0.4974694178576616,0.23591090294191958,0.06986666666666667,0.855354659248957,0.16905329096793462,0.6942300185623462,0.7854879925822904
-59.94201467041945,-6.072097743292743,Disturbio,0.07531066248016505,0.026258133675710595,0.031700000000000006,0.1164,0.04940000264503948,0.11474285816596859,0.0847,0.24187520805277316,0.04813197506961322,0.1505,0.38760000000000006,0.16340002361605563,0.2819,0.23710000000000006,0.5133989205194371,0.18370652158448808,0.2181303116147309,0.8487956117338421,0.3110280108987652,0.7021404786089552,0.6306653001191111
-59.92592675344072,-6.146259582109595,Disturbio,0.030593404621277624,0.02030345610125984,0.009800000000000003,0.1136,0.016600001068525886,0.03929999923629513,0.1038,0.2860760785762781,0.04306960351171052,0.1877,0.36550000000000005,0.2554000050194448,0.3534199919810989,0.17780000000000004,0.8145838478934239,0.09961659307593615,0.3970276008492568,0.900759493670886,0.7690676468048573,0.881399616692277,0.5037318928216292
-59.93212766721386,-6.132193771353638,Disturbio,0.031221802932254523,0.011696300858340227,0.020000000000000004,0.0728,0.021740012841749437,0.04348000000000001,0.0528,0.30898581096631744,0.03947138405987438,0.25750000000000006,0.39280000000000004,0.25890002269489254,0.36479996595832237,0.13529999999999998,0.8170529551514901,0.05584610402711634,0.6344463971880493,0.8866544789762341,0.7437071717386678,0.8687410243505443,0.25220808178818477
-59.93030090152796,-6.102573130912654,Disturbio,0.07294389775037151,0.028454280846934268,0.028100000000000014,0.1222,0.04137999227777713,0.11062000122146017,0.09409999999999999,0.2330575732920049,0.035430563610906546,0.1802,0.362,0.19359996983801075,0.2735899927481497,0.1818,0.5256083773123049,0.1759831012562116,0.24426450742240205,0.8104553119730185,0.28541230201595646,0.7016646974613554,0.5661908045506164
-59.9318015028418,-6.121887097464985,Disturbio,0.03669825911311393,0.010756246349630053,0.023000000000000007,0.05740000000000001,0.02566000077687662,0.0553199198681402,0.0344,0.3138094834430366,0.013758306741733497,0.2996,0.34909999999999997,0.2997600002394074,0.33419996903398197,0.04949999999999999,0.7927482384444093,0.05221297258924196,0.6920473773265652,0.8637844240450102,0.701044981567273,0.854361671096833,0.17173704671844503
-59.92225918822849,-6.134834736572907,Disturbio,0.03894152978299594,0.023416370341571426,0.022199999999999998,0.12460000000000002,0.023720002155138805,0.0482,0.10240000000000002,0.37349025204599456,0.03121943065444864,0.28470000000000006,0.45840000000000003,0.35332,0.4050999813369623,0.17369999999999997,0.8168507595206793,0.0933576376813691,0.4603724556084885,0.8880484114977307,0.7744713915045293,0.8792703391681791,0.42767595588924223
-59.93188049763839,-6.14576645394858,Disturbio,0.030420246558363707,0.027291752551255828,0.009300000000000003,0.16219999999999998,0.018500000613088624,0.0362,0.15289999999999998,0.31629744435459634,0.03591694974463244,0.1908,0.36519999999999997,0.2827000045718895,0.3509200003828148,0.17439999999999997,0.8353587890373437,0.11031083640442442,0.3031149301825994,0.9070464767616192,0.8052750902226028,0.8860553234808681,0.6039315465790198
-59.94231461632985,-6.096257000665641,Disturbio,0.06176680616199658,0.046269121542336145,0.017200000000000007,0.1424,0.020059999999999995,0.13403598325728228,0.12519999999999998,0.15634305174137753,0.05114470768824645,0.08780000000000002,0.34530000000000005,0.10659999325833872,0.1986700167247019,0.25750000000000006,0.497041191962298,0.22805638147680396,0.09846254497873737,0.8425827107790823,0.16510249801470814,0.7049317182527058,0.7441201658003449
-59.96396357157069,-6.078520791118934,Disturbio,0.06137295404203324,0.026876484720915833,0.018600000000000005,0.1054,0.021100000000000004,0.08954285744639112,0.08679999999999999,0.22247708643857275,0.047759490630598964,0.1495,0.3296,0.16100000294571742,0.26443996957918664,0.1801,0.555541920083466,0.21759105330037395,0.27179923436835385,0.8654124457308249,0.2966276215245273,0.8470266831563463,0.593613211362471
-59.91156414697814,-6.14464891917017,Disturbio,0.023128716470233426,0.007138947427381726,0.012899999999999995,0.04530000000000001,0.01663999884166657,0.034380006374747286,0.03240000000000001,0.2987471707850455,0.03341958720954134,0.2266,0.35630000000000006,0.2629799832632538,0.34734997491717334,0.12970000000000007,0.8592948863988451,0.028567026685571786,0.7648585517778353,0.892275574112735,0.8203558096464483,0.8862190957370772,0.1274170223348996
-59.93469604812318,-6.106851936050715,Disturbio,0.07964828954898866,0.028744742316333848,0.022699999999999998,0.15620000000000003,0.057079993956697876,0.11924573710109948,0.13350000000000004,0.22948147219554246,0.03072328606504942,0.14500000000000002,0.26849999999999996,0.18615999780016337,0.25379999674323617,0.12349999999999994,0.48734237780936107,0.17213251327571472,0.1711329265057044,0.8301533857089414,0.27208959109925174,0.6294594520810048,0.6590204592032369
-59.91314418791601,-6.140859748320202,Disturbio,0.0276445868662359,0.009863289056178297,0.013700000000000004,0.0474,0.01812000074249952,0.04039000259892209,0.033699999999999994,0.23873569150254156,0.034136621532062345,0.18689999999999998,0.3184,0.20239995877523545,0.2887499866878853,0.13150000000000003,0.7950974289440471,0.06031471637612102,0.6558565433040824,0.8829095209934951,0.7109733860461612,0.863804542125901,0.22705297768941268
-59.97203114486489,-6.083184565324117,Disturbio,0.028703104623847123,0.010606482926670673,0.017699999999999994,0.05740000000000001,0.01866000140941344,0.04759990935001555,0.03970000000000001,0.27771244302476766,0.034196977951706696,0.2286,0.3459,0.23734000304208133,0.3175714106833687,0.11729999999999999,0.8165203530193709,0.04581628667004506,0.6902320561252023,0.8612308898471189,0.7252075859196381,0.8555808930935686,0.1709988337219166
-59.92986397973986,-6.142152671319932,Disturbio,0.028808213964916608,0.01157544190255933,0.010700000000000001,0.0572,0.020000000000000004,0.0502699750082425,0.0465,0.3178480208893027,0.04691816892711059,0.18400000000000002,0.4253,0.2879000023297368,0.3779799802598728,0.2413,0.8398178082141041,0.03833429896648368,0.7352222765021983,0.8900873138161273,0.7796243647729444,0.8746589569006226,0.15486503731392898
-59.93275272322021,-6.115698223461539,Disturbio,0.03347383142655574,0.018730603496820434,0.017699999999999994,0.1116,0.02059999923801842,0.04482399627725245,0.09390000000000001,0.32505510745964,0.038511862608745714,0.20070000000000002,0.3964,0.29427999961388884,0.3817559503310827,0.19569999999999996,0.8192551033475403,0.07900167619525861,0.4666666666666667,0.8716237686685733,0.7789559300525952,0.8674574503514522,0.4049571020019066
-59.91367350101028,-6.05212889039829,Disturbio,0.07014517603807892,0.021184599204319813,0.0421,0.1192,0.04539999942388994,0.10559991791590329,0.0771,0.21832076449353055,0.07205515778485913,0.1066,0.34320000000000006,0.1126000778851286,0.2894999687187567,0.23660000000000006,0.47202468334272824,0.2038616065236972,0.2068595927116827,0.7222038931045859,0.22594151516781696,0.7097143813991483,0.5153443003929032
-59.941525549601074,-6.120194669284455,Disturbio,0.026918150960024236,0.013969456980603279,0.014799999999999994,0.07680000000000001,0.015170000845387416,0.044133348305550914,0.06200000000000001,0.28224142699275784,0.03036614577213944,0.24050000000000002,0.3447,0.24773000681953158,0.3249999770190862,0.10419999999999999,0.8354137105833777,0.05799528432092338,0.6355871886120997,0.8894658753709198,0.7622231790787513,0.8859060367006558,0.2538786867588201
-59.97012396043237,-6.076911076116838,Disturbio,0.028431164078355817,0.004190748843134535,0.022000000000000006,0.04189999999999999,0.02388,0.03361429506323337,0.019899999999999987,0.2969893075940718,0.03598335416039153,0.2441,0.3628,0.2483299994158337,0.3438285709636954,0.1187,0.8243121185331104,0.016744358520143447,0.77442799461642,0.8501872659176029,0.8047187125601655,0.845093512805896,0.07575927130118287
-59.94088602862955,-6.074562865053083,Disturbio,0.07657546828155798,0.018930913399294605,0.044800000000000006,0.1364,0.05991999955055591,0.10002506307522718,0.09159999999999999,0.2170893989006007,0.06889788403195393,0.10830000000000001,0.3075,0.13089993414618067,0.28775000870516326,0.1992,0.4393707095430207,0.2145233860832441,0.05801104972375703,0.6614832535885168,0.1788882822006377,0.6518065337579501,0.6034722038647597
-59.95920783505473,-6.113804087048218,Disturbio,0.039531158067954514,0.015947259059270504,0.023500000000000007,0.09390000000000001,0.026650004096573678,0.06840000210201815,0.0704,0.3343544081103512,0.024444367549779605,0.2712,0.4061,0.3161600120523031,0.3675570524788925,0.13490000000000002,0.7915415129068717,0.06979225154680063,0.5687715269804822,0.8652136507026096,0.6780418798279892,0.8572231615378474,0.2964421237221274
-59.930602870299296,-6.131963506060376,Disturbio,0.02846222063436263,0.013597886650808555,0.015200000000000005,0.0728,0.016700000026543208,0.04270002590779378,0.0576,0.30998376967789487,0.05110451345048953,0.1621,0.35960000000000003,0.22703333450831267,0.35876666525958073,0.19750000000000004,0.8346826976482804,0.056313249521903114,0.6413793103448278,0.8878143133462283,0.763440742504722,0.8860570968186516,0.24643500300140053
-59.97198026185481,-6.077046146472841,Disturbio,0.02664380930983328,0.006947377821523949,0.017699999999999994,0.05080000000000001,0.019479996906667175,0.034657144784583545,0.03310000000000002,0.30972877784742187,0.037073908906171134,0.2569,0.384,0.26254999045346894,0.3599999974906851,0.1271,0.8436886304103778,0.021503296281111504,0.7663293468261269,0.8710852148579753,0.8221374436341956,0.8659806205320062,0.10475586803184844
-59.980727806380955,-6.0786103894163945,Disturbio,0.030045728628588744,0.008366464094954281,0.020000000000000004,0.05099999999999999,0.02029999956541695,0.04098000685313515,0.030999999999999986,0.3521866635357323,0.015076705703351177,0.3237,0.39239999999999997,0.3395000044424045,0.37279995142698696,0.06869999999999998,0.8441297369934502,0.039078103921155016,0.7358881408596583,0.8901400714089535,0.7797137402312806,0.8871595373915682,0.1542519305492952
-59.94781388131061,-6.10833694308778,Disturbio,0.03012745697305476,0.0054042261874823905,0.024599999999999997,0.050600000000000006,0.025149999726250212,0.03649750124614334,0.02600000000000001,0.35532656536107243,0.02204460434475797,0.3215,0.4336000000000001,0.3280099998315186,0.3774049783983256,0.11210000000000009,0.844629023999942,0.021548945966742748,0.7560858038081467,0.876753507014028,0.8127407023724151,0.8613648502182186,0.12066770320588127
-59.96506580947898,-6.096666712267448,Disturbio,0.024399190943500623,0.008833899185065582,0.014700000000000005,0.052199999999999996,0.01567000038691767,0.035439997803172404,0.03749999999999999,0.3219429764563919,0.03416059867883488,0.24690000000000004,0.38,0.28575000134046186,0.3669714282521764,0.13309999999999997,0.8601499633032578,0.04907866829868427,0.6509528585757273,0.9025024374390639,0.8216551436254358,0.8972344588110421,0.2515495788633366
-59.95382255090673,-6.1078709808699285,Disturbio,0.026805635400762196,0.010670973207124184,0.015399999999999997,0.07420000000000002,0.017010000158333226,0.03603600296173273,0.05880000000000002,0.2918562230471215,0.028248362267676082,0.2352,0.3415,0.2545400489552212,0.32293997222874454,0.10630000000000003,0.8343108906208752,0.05973940871641601,0.5242064764347546,0.8935729094678647,0.7916585242804466,0.8786209287593307,0.3693664330331101
-59.958445685746376,-6.097395871508704,Disturbio,0.029854385390741672,0.013582403819561049,0.0175,0.07320000000000002,0.0186999982616678,0.050294296334024435,0.05570000000000001,0.3072833780071461,0.03210270986813593,0.17640000000000003,0.35,0.28430000967450436,0.34472,0.17359999999999995,0.8201594027661016,0.09130347179884378,0.43531326281529714,0.8883216336949584,0.7229545750900167,0.8805493565161223,0.4530083708796613
-59.94596570556691,-6.068968092685753,Disturbio,0.07622465534477038,0.013750001949866558,0.0572,0.1021,0.06330000276977141,0.09729428868130889,0.044899999999999995,0.23325755676204987,0.05181474745391423,0.1169,0.32720000000000005,0.1570201944855702,0.2786899457137915,0.21030000000000004,0.487287039200659,0.16083417099183173,0.1731058705469142,0.7023933402705514,0.25012595501502055,0.6255988041848453,0.5292874697236373
-59.94963275487317,-6.085645694974448,Disturbio,0.07214063979987491,0.025355226346309205,0.023500000000000007,0.1312,0.04749997799166486,0.09630004213685281,0.1077,0.18098603329261342,0.04605676773157331,0.1353,0.3268,0.1365600005256247,0.2584,0.19149999999999998,0.429122328618921,0.1807522013590736,0.06402793946449353,0.8333924140375752,0.21073814856674417,0.5681385787380466,0.7693644745730817
-59.91225473486807,-6.126020489775807,Disturbio,0.026124243330634917,0.006008361789798538,0.017299999999999996,0.0413,0.019230002660717976,0.03319998826896538,0.024000000000000007,0.32447838794164696,0.030038309342650664,0.2842,0.40360000000000007,0.2984399988695981,0.3734998914499422,0.11940000000000006,0.8529557203187162,0.025510966780842876,0.7792717086834734,0.890851735015773,0.8223185104226008,0.8820167229085691,0.11158002633229958
-59.95467720809693,-6.100506360279784,Disturbio,0.026594988918900934,0.015965361573165155,0.017600000000000005,0.10239999999999999,0.017939999452499758,0.032324969693999776,0.08479999999999999,0.2705491947153937,0.04274885189014363,0.22290000000000001,0.35960000000000003,0.2229000051184226,0.33534998601974153,0.13670000000000002,0.8255995809663281,0.0753245225266841,0.45328350240256277,0.8683498647430116,0.8101913062686177,0.8554122463982302,0.4150663623404488
-59.9770550595439,-6.09423419436114,Disturbio,0.024250633871427847,0.0063917387659587375,0.016700000000000007,0.04319999999999999,0.018080001661197827,0.03489428991022544,0.026499999999999982,0.29431468528645927,0.037666234565246266,0.2509,0.3556,0.2551800037927203,0.3500500005326383,0.10470000000000002,0.84929259384158,0.02848450335394908,0.753142857142857,0.8783351120597652,0.8071176860597458,0.8714878542806398,0.12519225491690822
-59.962168159100145,-6.114677071931347,Disturbio,0.03016425023545841,0.01456918677616316,0.019199999999999995,0.09709999999999999,0.019819998576760395,0.0402999708611419,0.0779,0.3115367746101841,0.02246057133408916,0.23700000000000002,0.3449,0.2922600319477413,0.33384998218419076,0.10789999999999997,0.8287118818864673,0.0628976927636368,0.5458372310570627,0.8849765258215962,0.7734047002852934,0.8756369792183126,0.3391392947645335
-59.954156964499845,-6.106211856169232,Disturbio,0.026188374627167693,0.007834452548160313,0.016,0.0441,0.01800000533712853,0.036839972543574226,0.0281,0.30295945891637593,0.0595681490037306,0.23950000000000002,0.42010000000000003,0.24299846246267512,0.4012999629004459,0.1806,0.8429899421082835,0.022245688662907447,0.7941339236303265,0.877961555654895,0.8043035614161572,0.8711473577815853,0.08382763202456844
-59.92380307054879,-6.100087937415008,Disturbio,0.06679299437113986,0.04968780372605277,0.0169,0.2266,0.027600005571736076,0.12280000876041154,0.2097,0.23901298189042414,0.054028713765246976,0.1132,0.35120000000000007,0.1849000122794188,0.3005799566140299,0.23800000000000007,0.5802741425666883,0.2461317060695608,0.1648706896551725,0.8408503303648377,0.25254232127284737,0.8126455171858188,0.6759796407096652
-59.97903374497338,-6.082585283872823,Disturbio,0.03374061528927198,0.022729280200487405,0.0184,0.1672,0.020000001158333433,0.046800000000000015,0.1488,0.38457657661158495,0.03364843684573445,0.28300000000000003,0.4496,0.35256003740086117,0.41531998928086167,0.16659999999999997,0.8430775678885128,0.08281271673518839,0.38131359851988894,0.9047851562499999,0.7826931734867502,0.8996235771360912,0.523471557730111
-59.97596885212821,-6.084266668012717,Disturbio,0.03308062524528699,0.009196234777759653,0.0232,0.0643,0.0244000031530272,0.04137143079336969,0.0411,0.29376700438775305,0.023811466465531523,0.25960000000000005,0.3419,0.26532,0.32352285811709286,0.08229999999999993,0.8005024968272831,0.0347988809512776,0.6834071885770555,0.858751902587519,0.7756712285140485,0.8317025171895644,0.17534471401046348
-59.92074925390835,-6.1283866172732715,Disturbio,0.025924441645395976,0.015203108653382195,0.011999999999999997,0.07100000000000001,0.012513334422807915,0.044100003989881204,0.05900000000000001,0.23668088093559111,0.035630456911614955,0.18710000000000002,0.3032,0.19186267401566792,0.284339964719045,0.11610000000000001,0.8146853236888663,0.08359002258389067,0.5414917662253794,0.880239520958084,0.7092264207118958,0.8773441794678781,0.3387477547327046
-59.9496543374263,-6.12482546881388,Disturbio,0.027404763289687,0.004417562821043215,0.019199999999999995,0.03459999999999999,0.022780001287150718,0.03376000064507044,0.015399999999999997,0.2808879634779932,0.025221310179957677,0.24250000000000002,0.32810000000000006,0.25248,0.3163999513857362,0.08560000000000004,0.8233326923088261,0.013846090327216933,0.7918170878459689,0.853658536585366,0.8047912245393377,0.8367118508278378,0.06184144873939701
-59.91323268302404,-6.129108497613486,Disturbio,0.028996240032682488,0.008244707687814521,0.018199999999999994,0.04769999999999999,0.019819999420833283,0.04172000233317016,0.0295,0.3487748679676766,0.025586708064377673,0.28980000000000006,0.39570000000000005,0.323610044547205,0.3824199920526962,0.1059,0.8482660545619202,0.035102379297757405,0.7724770642201835,0.8961779806046777,0.796023341040022,0.8861445598327244,0.12370091638449421
-59.92036767079095,-6.11602310251163,Disturbio,0.02846083830056907,0.019525925354524677,0.010400000000000006,0.11280000000000001,0.013180000633332876,0.04479999502522376,0.1024,0.24527661594022412,0.05886773588546671,0.15330000000000002,0.35320000000000007,0.18464000000000003,0.33499994899358143,0.19990000000000005,0.8035044369885427,0.08418139411143354,0.5055884286653517,0.8912702561421851,0.6716746376792501,0.8713083276436031,0.38568182747683344
-59.91534109939235,-6.112102075674684,Disturbio,0.07111265165343852,0.03393642229830076,0.020000000000000004,0.1274,0.035999995795963746,0.12311998933956755,0.10740000000000001,0.23091814190446766,0.044961039684858393,0.1408,0.29300000000000004,0.16562495695278312,0.2734999874513878,0.15220000000000003,0.5247828444811892,0.22786400390844153,0.24391691394658754,0.8240985048372912,0.2505477389771876,0.7664612541971927,0.5801815908907036
-59.91794603322565,-6.143516005884147,Disturbio,0.03154020197352999,0.006770029684956318,0.021699999999999997,0.049199999999999994,0.023420001298817578,0.04047500208318763,0.027499999999999997,0.27666908286099495,0.05556650236950607,0.20810000000000003,0.3749,0.21340000680624563,0.35382999121038716,0.16679999999999998,0.7951212148779437,0.025456097203839706,0.7463917525773195,0.8665132336018412,0.7561891865073573,0.8078348317417797,0.12012148102452169
-59.914619328863296,-6.11436865568091,Disturbio,0.03734274337637661,0.01704410544745172,0.015700000000000006,0.0648,0.017360000000000007,0.06092800095376875,0.04909999999999999,0.268858732411304,0.031126570826244787,0.20770000000000002,0.31320000000000003,0.23058726216348552,0.31123999856668555,0.10550000000000001,0.7641644616231774,0.08918739169591075,0.5705103969754254,0.8717320261437908,0.6420711334515126,0.8652273993984515,0.30122162916836537
-59.90414732759191,-6.130746446120659,Disturbio,0.03911159358592765,0.01693862146853817,0.0189,0.09820000000000001,0.02640000173750015,0.057980001776738746,0.07930000000000001,0.3249688961929075,0.061431133765247004,0.17500000000000002,0.38760000000000006,0.20900016304746502,0.3808499970734322,0.21260000000000004,0.7783379753988448,0.0857118238841406,0.5505720823798627,0.8707149853085212,0.6717282224190495,0.8626959056542977,0.32014290292865855
-59.90259844102556,-6.051705335370176,Disturbio,0.07145164558229325,0.019946772055906628,0.032799999999999996,0.11380000000000001,0.052199991602082635,0.09079993104225402,0.08100000000000002,0.22012467381979406,0.06219739393654703,0.1136,0.35719999999999996,0.1415399947924978,0.2894599180529834,0.24359999999999996,0.48268063424060437,0.1854226519271875,0.1882845188284519,0.8317948717948718,0.24280300527758328,0.6640949995627126,0.6435103529664199
-59.955940202988565,-6.076497995739215,Disturbio,0.06036602395403529,0.026213337149499496,0.019199999999999995,0.1172,0.021379999999999996,0.08774285810998968,0.098,0.23708359146662472,0.0757780797012929,0.11530000000000001,0.3408,0.13340000194259055,0.3105666659960083,0.22549999999999998,0.5532970306240113,0.24707500448054193,0.2200704225352112,0.8757683597541249,0.24197215030033942,0.8660315179112056,0.6556979372189138
-59.9355939892451,-6.087981112764414,Disturbio,0.06369920143538708,0.024614021904254366,0.017799999999999996,0.09040000000000001,0.019060006877449864,0.08618285469046669,0.07260000000000001,0.1966695196121417,0.0390901201277682,0.13390000000000002,0.25760000000000005,0.14666858531567906,0.240109990215007,0.12370000000000003,0.49896145157656596,0.21540074095638284,0.22152466367713,0.8541910331384017,0.2631588155545539,0.8492069544278885,0.6326663694612717
-59.92334567276521,-6.0451028083515315,Disturbio,0.06909589101033409,0.010049303244459714,0.053800000000000014,0.099,0.059280038026283115,0.08532000780378594,0.04519999999999999,0.20788956273870826,0.062395560348248974,0.1076,0.27460000000000007,0.12480001614827586,0.27379996310868904,0.16700000000000007,0.4714647293113589,0.15555253857072318,0.23344947735191643,0.640503295386459,0.26780060669576056,0.6305388931272514,0.40705381803454255
-59.914020338950046,-6.119873223124199,Disturbio,0.031163095790764064,0.01805607733268924,0.017,0.10600000000000001,0.018329998766760034,0.04809998316525224,0.08900000000000001,0.3130211361984474,0.04483687939795211,0.24840000000000004,0.3912,0.2590909236918803,0.36672500325130036,0.14279999999999995,0.8239615991451217,0.08724913287782732,0.42297223734349476,0.8792332268370605,0.7766974129682629,0.8752714592302021,0.45626098949356575
-59.93619827245161,-6.089280207759206,Disturbio,0.07947800042549281,0.012302207897917786,0.028499999999999998,0.1064,0.06860000545503227,0.09268000278422857,0.0779,0.19603330043593678,0.052354221230353014,0.10439999999999999,0.31320000000000003,0.12220000321846905,0.2434544920814759,0.20880000000000004,0.3975986698411723,0.11802780809894614,0.2039532794249775,0.833187006145742,0.24573651249879255,0.48329046909241324,0.6292337267207645
-59.901684163921026,-6.140418546720019,Disturbio,0.03383419734452357,0.015590534468797207,0.0228,0.08560000000000001,0.023470000411666372,0.06052854241625318,0.06280000000000001,0.34582997325216003,0.032867155200095026,0.2542,0.40800000000000003,0.3026714793253381,0.39014997220672976,0.15380000000000005,0.8189397114816,0.09180563784875143,0.49617422012948786,0.8783351120597652,0.6641983720645652,0.8725824406328654,0.38216089193027736
-59.960322044447175,-6.073995645955696,Disturbio,0.07377265548472532,0.020716040687183586,0.050199999999999995,0.1312,0.05394,0.10300000225664255,0.08100000000000002,0.24118997865167557,0.062464798861724395,0.137,0.33330000000000004,0.15669994259644957,0.29249999283484507,0.19630000000000003,0.5065626668987984,0.19823069874184648,0.22365988909426984,0.6875912408759125,0.2329370555360535,0.6828775497856217,0.4639313517816427
-59.94817817989055,-6.095153666889983,Disturbio,0.05568024040442368,0.03327234493263377,0.0204,0.1312,0.02279999878129546,0.10324003522582187,0.11080000000000001,0.22401152528889723,0.04681265785456014,0.1482,0.33999999999999997,0.15716001340681302,0.2940666663198354,0.19179999999999997,0.5978866873551054,0.23048581119502676,0.20868516284680333,0.8646317186463174,0.32321429386930844,0.8533563411415036,0.6559465557995141
-59.93982955081435,-6.080134286366141,Disturbio,0.07790501733669927,0.024347874568160333,0.026499999999999996,0.11400000000000002,0.05667272597920231,0.1128571428291383,0.08750000000000002,0.2661983063656058,0.031109013241622425,0.20420000000000002,0.32000000000000006,0.22890000000000002,0.29709999406119536,0.11580000000000004,0.545018993928874,0.14829923504315842,0.32769830949284795,0.8299647096567214,0.3550417281249801,0.6742744374994948,0.5022664001638735
-59.9309757927583,-6.138205174957672,Disturbio,0.032611769005061124,0.009730612099528644,0.019600000000000006,0.061100000000000015,0.026220000511551093,0.04758999436413528,0.04150000000000001,0.30263978801118013,0.06444412809382005,0.21570000000000003,0.42990000000000006,0.24001451306252447,0.39799997274528254,0.21420000000000003,0.8065027056143882,0.029458105282863526,0.7477368738684369,0.8606362259251245,0.750408494793245,0.83700619640088,0.11289935205668755
-59.958625194008775,-6.107546540756864,Disturbio,0.028659241835038953,0.009633229637696153,0.018000000000000002,0.050600000000000006,0.018699998985972882,0.04462820117844532,0.032600000000000004,0.2477494929779318,0.03399035003012187,0.18750000000000003,0.31010000000000004,0.1975799906533392,0.2935499904588339,0.12260000000000001,0.7971559905465501,0.05427673393404053,0.6596030945173226,0.8504176157934701,0.7023276636418142,0.8414545713727927,0.1908145212761475
-59.842352962087155,-6.13465091283845,Floresta_Nativa,0.028321617360842433,0.017426043513551665,0.013899999999999996,0.0794,0.01750001023685594,0.05254370069874712,0.0655,0.23981372557164818,0.0639046035866482,0.12130000000000002,0.38880000000000003,0.1829000323711931,0.3492800043717303,0.2675,0.7968667153941438,0.07621821552772576,0.5533052039381153,0.8639760837070254,0.7060390444110787,0.8580589490627274,0.31067087976891006
-59.9263268194772,-6.162440015270408,Floresta_Nativa,0.02780150449689744,0.022005432969580182,0.010400000000000006,0.101,0.011299999710832943,0.04995336612095405,0.0906,0.16944208943067735,0.0417540163391625,0.1028,0.24600000000000002,0.12306,0.22393995913500897,0.14320000000000002,0.7473821254221804,0.11204641390902853,0.36075949367088606,0.8500360490266763,0.6449038034464102,0.8336698622374636,0.48927655535579023
-59.77156743821743,-6.2265134845909555,Floresta_Nativa,0.02975784656255479,0.013262026606092695,0.018699999999999994,0.0728,0.020799993918749496,0.038120004307440114,0.05410000000000001,0.3370047803921739,0.018146770782104693,0.31210000000000004,0.37170000000000003,0.3144000155152366,0.36440000199397937,0.059599999999999986,0.8399889539343796,0.06173855989418481,0.6521282186022069,0.8884913536076327,0.7907137798087089,0.8796942432262582,0.23636313500542572
-59.7786417189644,-6.201802259175831,Floresta_Nativa,0.02456464520099937,0.012608951304664141,0.015799999999999995,0.0637,0.01625000002167828,0.035940007971978716,0.04790000000000001,0.2542567973270506,0.02976172842523035,0.17040000000000002,0.29510000000000003,0.21909999826750037,0.2889600019929947,0.1247,0.8240964531250268,0.08950284213550999,0.45765611633875103,0.8802660753880266,0.7795234490869294,0.873548067461056,0.42260995904927556
-59.87126765589427,-6.0631194223547675,Floresta_Nativa,0.04762070337426845,0.020944101811236817,0.025400000000000006,0.0874,0.025940003902617352,0.07556000231444544,0.062,0.267996844717186,0.10635825894029989,0.12340000000000001,0.42480000000000007,0.1265000059990574,0.37149999942361356,0.30140000000000006,0.6305373245663015,0.25042025545253777,0.2827246614690193,0.8710652228657768,0.2921327665577484,0.8641561086625794,0.5883405613967575
-59.77116019174009,-6.07751832848116,Floresta_Nativa,0.023463994477488256,0.004473207209903278,0.018000000000000002,0.03720000000000001,0.01938000749302436,0.03014750298872918,0.01920000000000001,0.30752941486875307,0.0127899493036721,0.2945,0.36840000000000006,0.2974000039477772,0.3268000046622173,0.07390000000000008,0.8587828571252084,0.02254583647199325,0.7960526315789473,0.8882681564245809,0.8205655680578705,0.8809126508747536,0.09221552484563356
-59.81456861416171,-6.235573886209853,Floresta_Nativa,0.03141495470753783,0.020248205391485367,0.016799999999999995,0.10900000000000001,0.018080260313165664,0.04899995568438251,0.09220000000000002,0.31408478164139064,0.039925627936018254,0.24750000000000003,0.40490000000000004,0.2633327204457899,0.3679999294839634,0.1574,0.8258543365597808,0.08106681914189934,0.5162006213936973,0.8815990234971012,0.7395004691068131,0.875512917680535,0.3653984021034039
-59.97566931827359,-6.104905508893313,Floresta_Nativa,0.03326290627761369,0.009868395606994923,0.02529999999999999,0.06590000000000001,0.02589999913249882,0.04220000790768854,0.040600000000000025,0.3346867691060301,0.01763750090249495,0.30379999999999996,0.3728,0.31640002984136933,0.3614500031002282,0.06900000000000006,0.8205672213387297,0.044857584287445205,0.6968023924545663,0.8641975308641976,0.7560693389985493,0.8550396222656492,0.16739513840963127
-59.943964980082065,-6.0374289898704045,Floresta_Nativa,0.032267989628580795,0.02522373231973859,0.015600000000000003,0.13520000000000001,0.0177200015765136,0.03767428663724587,0.11960000000000001,0.2827737858781672,0.04484836322496453,0.21380000000000002,0.37229999999999996,0.23353996575646532,0.3406999961814774,0.15849999999999995,0.8098516407170097,0.08581585138215894,0.46719211822660095,0.8661596958174905,0.7944517966379254,0.8631213306873498,0.3989675775908896
-59.91741079053618,-6.240912678669425,Floresta_Nativa,0.03471230472060235,0.013962508646491264,0.019000000000000003,0.0761,0.02174000439301431,0.05082001055925632,0.0571,0.3849041040979492,0.022951373092223778,0.3244,0.4172,0.3554499732804117,0.4122999922111602,0.0928,0.8354890987767252,0.061619771699190376,0.6668126094570929,0.9045705675539929,0.7755669625293014,0.894078422415487,0.23775795809690004
-59.79535094888417,-6.244948779826029,Floresta_Nativa,0.035841615951885474,0.019147135298544372,0.024400000000000005,0.11080000000000001,0.025100001138593165,0.04939997661125502,0.0864,0.27688202480665697,0.025396183594394616,0.2211,0.3327,0.24627653491750817,0.31004000000000004,0.1116,0.774595288145699,0.10319056092370558,0.36467889908256884,0.8382869926494088,0.7240224425215634,0.8310376701821808,0.4736080935668399
-59.88636964033024,-6.099437890474766,Floresta_Nativa,0.03584356821075257,0.022993839797907385,0.016,0.1023,0.020340000000000004,0.06769993149463499,0.0863,0.31278628880175574,0.06726126973745317,0.1471,0.43890000000000007,0.25560000443175496,0.39831996530488506,0.29180000000000006,0.8038579414936007,0.07921306657087994,0.5559895833333334,0.8663083641249578,0.6889503876395229,0.8520923404045355,0.31031878079162445
-59.765604222129184,-6.164009689274298,Floresta_Nativa,0.029279810434349674,0.014192620530862694,0.0184,0.0744,0.019000008380540497,0.03639429903398616,0.055999999999999994,0.2882740971039852,0.017154082638233984,0.2518,0.32330000000000003,0.25939999454277524,0.30496,0.07150000000000001,0.8191397663006112,0.0713400118413467,0.6073878627968338,0.880503144654088,0.7695012299732094,0.8742739925815513,0.2731152818572542
-59.97516565208407,-6.00232701813353,Floresta_Nativa,0.03608374401940992,0.013583439536175355,0.0179,0.07500000000000001,0.026640030945027288,0.05480000000000001,0.05710000000000001,0.31384563692655465,0.03859790728917548,0.1949,0.3741,0.27126003998410375,0.35027594728324707,0.1792,0.7979266348325047,0.05328500062220765,0.6399423907825251,0.8589540412044374,0.7102899947637383,0.837539370229554,0.21901165042191229
-59.90383524820134,-6.0716919756893475,Floresta_Nativa,0.051398718389637436,0.010586164141231303,0.0408,0.07239999999999999,0.041280000186018594,0.06978999920264704,0.03159999999999999,0.31592100371251697,0.017619193547601098,0.25429999999999997,0.3659,0.3069000049929539,0.33669991816552625,0.11160000000000003,0.7213854892528004,0.0450109214729303,0.6275720164609053,0.7672727272727274,0.6532414914664597,0.7670568081518148,0.13970071081182212
-59.991424694540704,-6.06877071340621,Floresta_Nativa,0.030936285211833267,0.012611184235260819,0.0174,0.07300000000000001,0.017400001930555714,0.044491426186301454,0.05560000000000001,0.3203583765706512,0.04728499983410489,0.21880000000000002,0.396,0.2659000070499028,0.38289994274490635,0.1772,0.8250189695613181,0.07241442692728138,0.49965729952021926,0.8802477632484517,0.779595250883753,0.8771620235311066,0.3805904637282324
-59.78723675467204,-6.1423000353462776,Floresta_Nativa,0.0311117747779811,0.007492780288951843,0.021199999999999997,0.0504,0.0237666660234615,0.043112503060746765,0.029200000000000004,0.2960922132904808,0.03525023654906448,0.2487,0.38360000000000005,0.25769999049418413,0.3293499737650156,0.13490000000000005,0.8113396228833935,0.027989040932557288,0.7236842105263158,0.8514365802382621,0.767216974654727,0.8394496011903937,0.12775236971194626
-59.92945396499793,-6.237153059637988,Floresta_Nativa,0.02943743252314569,0.016701643909310362,0.014799999999999994,0.0942,0.016759999999999997,0.04173996474669237,0.07940000000000001,0.29886950521749156,0.023520335916916112,0.25439999999999996,0.3405,0.2581601171255355,0.3244999351806693,0.08610000000000007,0.8216771977080083,0.09357425925027091,0.4629418472063855,0.9041450777202074,0.7271385882159396,0.8959185051709373,0.4412032305138219
-59.9495667363186,-6.2317649187626785,Floresta_Nativa,0.03465604102689295,0.020045462842211557,0.018100000000000005,0.0965,0.01956000181990234,0.06707197101009363,0.0784,0.3520027008869839,0.02622140803709346,0.3062,0.40160000000000007,0.32090000830138954,0.3907000315192182,0.09540000000000004,0.8280810371625459,0.08070923460601297,0.5746087723165085,0.894552869210603,0.713769968392828,0.8842886650771237,0.3199440968940944
-59.80718353695587,-6.159926984595043,Floresta_Nativa,0.028183898100056566,0.01358371422550277,0.017299999999999996,0.08360000000000001,0.018997894385977897,0.03896,0.06630000000000001,0.29912451677681845,0.05171119632613603,0.2204,0.5092000000000001,0.25831474102718555,0.3491999943424668,0.28880000000000006,0.8313832585956588,0.05496596938689893,0.6052880075542965,0.8799444829979183,0.7960637132551643,0.8685967992917962,0.2746564754436218
-59.86636388843463,-6.034726635502131,Floresta_Nativa,0.02857509981746921,0.010909621976451586,0.019600000000000006,0.0703,0.02051000084432296,0.03729000101071705,0.050699999999999995,0.31600100211993915,0.022712403583361917,0.2885,0.3852,0.29239999598489574,0.344699985691003,0.09670000000000001,0.8371805223619777,0.045167110875021614,0.666112562336737,0.8753973299427845,0.7987964581934268,0.8710749512694821,0.20928476760604753
-59.92603198057163,-6.0776265069896365,Floresta_Nativa,0.051718890671304675,0.01600404647207634,0.029099999999999987,0.07850000000000001,0.03400000057805702,0.07069428427065615,0.04940000000000003,0.29951629261113416,0.035436005225757225,0.1958,0.4062,0.27319977446523824,0.3250999956032788,0.2104,0.7034878386108275,0.10094921018736604,0.42763397739701053,0.8356860530773573,0.6039587668806611,0.8054474570652183,0.4080520756803468
-59.90140360978845,-6.070517900485007,Floresta_Nativa,0.051215855773372544,0.015367650399612832,0.032,0.0789,0.0351500020051909,0.07518999545963989,0.0469,0.36044952487203097,0.026792366683296896,0.277,0.4267000000000001,0.3243100150527898,0.38639998860972125,0.14970000000000006,0.7512949230467972,0.07101561387022413,0.6268475890477344,0.8470363288718928,0.6563619691355117,0.8302728358635156,0.22018873982415843
-59.82622713508486,-6.098688501071616,Floresta_Nativa,0.025028156522330234,0.006231334760945001,0.017,0.043399999999999994,0.018699998807915022,0.032485001997369416,0.026399999999999993,0.3117256219931843,0.02695347813062998,0.2592,0.3689,0.286020068052089,0.3494999393911752,0.10970000000000002,0.8522842009849831,0.02749544583436158,0.7811396873424106,0.8876775685497191,0.8200431426713184,0.8869984997098217,0.10653788120730856
-59.92267449889992,-6.039853077774932,Floresta_Nativa,0.027639023215136213,0.00891459391326111,0.0179,0.0461,0.01834,0.043480001766067505,0.028200000000000003,0.3473823435010163,0.03289202543935322,0.2875,0.4257000000000001,0.30660003591086005,0.3883999722399546,0.1382000000000001,0.8549098530163165,0.0349774958077105,0.7708747514910536,0.8934807916181607,0.7944221429033028,0.8874240130148899,0.12260604012710719
-59.884208131882176,-6.013651010020757,Floresta_Nativa,0.025334341729245344,0.005427852829053301,0.0204,0.0416,0.021458181890044316,0.03391996299365023,0.021199999999999997,0.30995747176147587,0.02756956474796544,0.23280000000000003,0.35440000000000005,0.2792200028367834,0.3515399471002521,0.12160000000000001,0.8491463760489122,0.022829023529403632,0.7869398207426378,0.8776611694152925,0.8135163776764506,0.8677206956912663,0.09072134867265469
-59.89541274992571,-6.037817667036765,Floresta_Nativa,0.030874782538373155,0.01681969108579281,0.015700000000000006,0.08780000000000002,0.018040005794446756,0.04514999933257095,0.07210000000000001,0.31564252407895127,0.0360311595731471,0.2662,0.3768,0.2679000139000012,0.3623599962007884,0.11060000000000003,0.8279032501352188,0.07207623152243095,0.595205163669894,0.892022008253095,0.7711847354027861,0.8796673889590203,0.296816844583201
-59.842013994639515,-6.131267801698521,Floresta_Nativa,0.028097371626224478,0.0057192304836365775,0.0204,0.04089999999999999,0.022420005045680768,0.03857999869333701,0.02049999999999999,0.30108666665282374,0.01473919527762698,0.27990000000000004,0.33110000000000006,0.282099999421945,0.3242799773642819,0.05120000000000002,0.8297274634408253,0.0313671032206392,0.7484433374844335,0.8701877187400574,0.7761989354507599,0.8567596760103311,0.12174438125562392
-59.92079427816016,-6.072580935056088,Floresta_Nativa,0.05676270536518668,0.028934499559366778,0.030200000000000005,0.16480000000000003,0.032700254537774066,0.08272001861345349,0.13460000000000003,0.2764530119581865,0.12276576117090003,0.0766,0.4276000000000001,0.09929999970861142,0.3816018203930473,0.3510000000000001,0.5695481557610126,0.28382843792549384,0.1290983606557377,0.8517427589592538,0.150670410566246,0.8393731993854219,0.722644398303516
-59.947185401932856,-6.203466565988416,Floresta_Nativa,0.03486883955061857,0.0201236133150372,0.016600000000000004,0.0852,0.018300001999699743,0.07088786433111317,0.0686,0.2906048858616901,0.02655080005041586,0.25470000000000004,0.344,0.2563999950747202,0.33123994182977196,0.08929999999999993,0.7951364707704783,0.09423991666345687,0.5748502994011976,0.8804034582132565,0.608193936087418,0.8729177752275193,0.3055531588120589
-59.85312571795766,-6.07686199816747,Floresta_Nativa,0.02575043643245008,0.005992169629020553,0.018600000000000005,0.0393,0.019650001863281277,0.03601999844953954,0.020699999999999996,0.2974262996191351,0.02742513786642262,0.2214,0.34750000000000003,0.272300142649819,0.3273999895100111,0.12610000000000002,0.8397082031262553,0.040185526875672166,0.7043879907621248,0.876443057722309,0.7986660554674488,0.8689302621223133,0.17205506696018424
-59.843279815913434,-6.0721459027341504,Floresta_Nativa,0.0373640410723328,0.007382552220589269,0.02529999999999999,0.04830000000000001,0.025599999784583247,0.04719999991328688,0.02300000000000002,0.28564507012087614,0.030394274598848726,0.2381,0.34320000000000006,0.24546001962634664,0.32621990723845196,0.10510000000000005,0.7658781501373161,0.05560540786881475,0.6773086165465155,0.8506493506493507,0.6813445320162838,0.8387356003168631,0.17334073410283513
-59.83556111747994,-6.176668152939545,Floresta_Nativa,0.034838223921727605,0.01233023303830118,0.0252,0.0834,0.025899999325601414,0.045160001350093175,0.0582,0.30276771798785357,0.013133437841338394,0.2853,0.3428,0.2904000054106434,0.3203999595166899,0.057499999999999996,0.7966230967544458,0.05550473619923511,0.5856929955290611,0.8429906542056075,0.7513312906032215,0.8394730117224956,0.2572976586765464
-59.87199887641088,-6.103096714318918,Floresta_Nativa,0.03142535199203605,0.0059619026672874985,0.0218,0.04500000000000001,0.023699998746456483,0.038999980768353655,0.023200000000000012,0.2804515071514055,0.033710459897203886,0.23729999999999998,0.36440000000000006,0.24280000399383445,0.3347800000000001,0.12710000000000007,0.7989984426134283,0.026203759742538947,0.7415917415917417,0.839606049947239,0.7698381555983287,0.8355439443660538,0.09801430835549729
-59.767299792822946,-6.056827667017251,Floresta_Nativa,0.028534714966983746,0.0161297933726454,0.017100000000000004,0.0804,0.018100000000000005,0.039240000000000004,0.0633,0.27147156363853764,0.034939892553567414,0.22,0.33720000000000006,0.23680003040625253,0.33609997734585095,0.11720000000000005,0.8183310455370476,0.06429430578219975,0.6139255702280912,0.8746288353678653,0.7740527163140317,0.8663017456252796,0.26070326513977404
-59.802478399802936,-6.029691109063865,Floresta_Nativa,0.02301560604990455,0.005035697272631826,0.018000000000000002,0.038599999999999995,0.01843999952481426,0.03180500410500153,0.020599999999999993,0.30036385863284765,0.030327985079097848,0.2447,0.3497,0.26234001097296067,0.3427398402524047,0.10500000000000001,0.8584003423993541,0.021034220832524937,0.8011846510430082,0.8861480075901327,0.8268802438406758,0.8792240462133213,0.0849633565471245
-59.84554047351459,-6.100737796407784,Floresta_Nativa,0.027206058694093798,0.008903226428935741,0.019100000000000006,0.05610000000000001,0.019900003669816282,0.03859999047132841,0.037000000000000005,0.2837395195999177,0.030553567438569487,0.24890000000000004,0.3671,0.24979999994744956,0.3289998932228271,0.11819999999999994,0.8283172270932753,0.03436243050885628,0.7155893536121671,0.8574626865671643,0.7887578987084618,0.8559201124357917,0.14187333295499716
-59.824358613041085,-6.125394909961581,Floresta_Nativa,0.03448912106654402,0.01740684448058875,0.018500000000000003,0.0874,0.02399999779991468,0.06646666555539102,0.0689,0.3078848460038494,0.03057149983860451,0.24200000000000002,0.3889,0.27536000000000005,0.3400799050073226,0.1469,0.8051494119433182,0.07144294207363809,0.5716736094094584,0.8726772195457673,0.6683829791566102,0.8470812620427278,0.30100361013630883
-59.92622130063643,-6.161239540626421,Floresta_Nativa,0.03245555103029607,0.02313554921185469,0.012399999999999994,0.1122,0.01700000618074321,0.05360006349916293,0.0998,0.31382000935274845,0.051812240594447063,0.1555,0.4035000000000001,0.2705214268090743,0.37724999452752594,0.24800000000000008,0.8215187255020802,0.09670871662726951,0.47777519199441476,0.8992346938775512,0.7475692698342398,0.8854572504964549,0.4214595018831364
-59.91770664369243,-6.0030520867022945,Floresta_Nativa,0.027650976658236105,0.00669165677442076,0.0174,0.041200000000000014,0.02076001502945436,0.03788571633193718,0.023800000000000016,0.2859472422429761,0.02588386830478539,0.2431,0.33199999999999996,0.2575000492828213,0.3250971414762798,0.08889999999999995,0.8254627962219917,0.02915316983779083,0.7705863505286767,0.8740268931351736,0.7839496298087293,0.8617789612222462,0.10344054260649682
-59.93985199779377,-6.179102452554146,Floresta_Nativa,0.03625018059824648,0.0248987749496795,0.017200000000000007,0.11960000000000001,0.01812,0.0608360277790926,0.1024,0.27787696186059874,0.040231969006609795,0.19100000000000003,0.3345,0.22120004442409186,0.32689998370830864,0.1435,0.7828008651685069,0.10601010356371013,0.42194296761720634,0.8642396662874479,0.681778798182414,0.8568712275022058,0.4422966986702415
-59.908027656300725,-6.167984865277968,Floresta_Nativa,0.04508275409127869,0.022005077221553235,0.02529999999999999,0.1238,0.029700000481249902,0.0714850045465383,0.0985,0.3047178798813099,0.027473531296149743,0.209,0.362,0.28810000827749827,0.3281399643126224,0.153,0.747679657781774,0.10075963486697158,0.40737194830062234,0.8344862925954394,0.6125003684679391,0.8162812310765999,0.42711434429481704
-59.81163289539792,-6.1027739977986135,Floresta_Nativa,0.031818729061998556,0.01493131429183762,0.017100000000000004,0.07619999999999999,0.019540008933990584,0.04522498905626712,0.059099999999999986,0.30986292530583487,0.026711289660947803,0.25880000000000003,0.3689,0.27860001390667216,0.33879997193989286,0.11009999999999998,0.8206104092222928,0.06212452957991159,0.6445569620253163,0.8852733981885273,0.7621949945388724,0.8727103519484557,0.24071643616321103
-59.7818418730002,-6.120450042014751,Floresta_Nativa,0.02752477825974404,0.015001203226430702,0.017799999999999996,0.092,0.01902,0.034590007524300075,0.0742,0.30777992441731994,0.02957422603160741,0.25429999999999997,0.35040000000000004,0.2684854533191397,0.3427850015832226,0.09610000000000007,0.8401707169464572,0.060990028715755124,0.5748613678373383,0.8872366790582404,0.8127543932016466,0.8710951266984573,0.3123753112209021
-59.90846625781126,-6.085762086165632,Floresta_Nativa,0.05433851879839416,0.02343390962025671,0.0267,0.096,0.02919999639062578,0.08729999999999999,0.0693,0.286855390788554,0.12184071007153983,0.132,0.42890000000000006,0.14024001301841146,0.41039998816125256,0.29690000000000005,0.6062977052480828,0.26746635542527025,0.18015198927134554,0.8759005345108064,0.24780433776539046,0.8665693723639439,0.6957485452394608
-59.97578541092096,-6.104146133066912,Floresta_Nativa,0.027987273972214628,0.007039690499970037,0.020100000000000007,0.04580000000000001,0.020899997686663507,0.03840000607541925,0.0257,0.33790868192186846,0.029083166378517156,0.2482,0.39080000000000004,0.30484006660574753,0.37230000415184744,0.14260000000000003,0.8478137236335993,0.03087106409489506,0.7705985474580516,0.8882091212458286,0.8016528686285495,0.8825842859281393,0.11761057378777706
-59.9033406797676,-6.067808145491718,Floresta_Nativa,0.05237723258374893,0.015667561564018693,0.032200000000000006,0.0816,0.03458000116690378,0.07728000147867346,0.0494,0.3648842673809663,0.0325365988721599,0.29580000000000006,0.4832000000000001,0.33320001206333894,0.3846999692608791,0.1874,0.7485789563933186,0.0732431669079469,0.6153467781603542,0.8438787878787879,0.6400655231578747,0.8331083497934497,0.22853200971843368
-59.79150810469826,-6.025972534724458,Floresta_Nativa,0.03379388804176283,0.0146549724865462,0.022199999999999998,0.08000000000000002,0.02394,0.050280000000000026,0.05780000000000002,0.29679280234833394,0.022542861603652837,0.26470000000000005,0.34720000000000006,0.26690001356232906,0.3256999896492857,0.08250000000000002,0.8006278641699381,0.06018760106886699,0.6254681647940075,0.8631319358816276,0.7156462429684214,0.8593676844713505,0.23766377108762016
-59.95012368903628,-6.225271015571999,Floresta_Nativa,0.03395682908349589,0.019871969163985086,0.019199999999999995,0.0927,0.019600000000000006,0.06451997820895845,0.07350000000000001,0.35878994262548525,0.024844698065770745,0.32210000000000005,0.4164,0.32774000303250234,0.38550008935264624,0.09429999999999994,0.8332236705089113,0.07767941560669778,0.604099935938501,0.9003522898842476,0.7196956351558097,0.8932752496838292,0.29625235394574667
-59.99018217223896,-6.206733273735257,Floresta_Nativa,0.03787932872773217,0.013849325072140782,0.023500000000000007,0.0958,0.02923334301408488,0.04209998686187782,0.07229999999999999,0.2787261881306346,0.04031979204520374,0.23,0.34920000000000007,0.23452,0.33499999762174965,0.11920000000000006,0.7603914428022172,0.06122253838951312,0.5554524361948957,0.8628538079953311,0.7093853505480031,0.8239779452923089,0.30740137180043536
-59.87500560269914,-6.163533146141158,Floresta_Nativa,0.031183558595057552,0.014925576780262542,0.0174,0.08480000000000001,0.02174375001435186,0.040959999999999996,0.06740000000000002,0.2783642528284155,0.04171536338611682,0.1468,0.374,0.260800001013541,0.3326000236167207,0.22719999999999999,0.8023078143441392,0.06853085469074854,0.5891472868217055,0.8588469184890657,0.7531493932430694,0.8483179931774154,0.2696996316673602
-59.89570152256539,-6.135647157760909,Floresta_Nativa,0.047807380227613015,0.01929424719426351,0.0238,0.0826,0.027299994946876075,0.07542,0.058800000000000005,0.21838228200862236,0.06408132059053621,0.10120000000000001,0.358,0.1344858328056227,0.28288,0.2568,0.5972518696571794,0.2204134643396844,0.17490696438064865,0.8461538461538463,0.29660438864095057,0.8203545160169949,0.6712468817731976
-59.99459925820145,-6.2320040356267645,Floresta_Nativa,0.026276056758591633,0.009176093992464546,0.015700000000000006,0.057499999999999996,0.018366666670205763,0.035364004345599116,0.04179999999999999,0.2807701534688134,0.04048490546266933,0.1832,0.35840000000000005,0.24596,0.34384995922289074,0.17520000000000005,0.8280115864150976,0.05528403435823214,0.5768947755702722,0.8797395633856758,0.7679665316840041,0.8683711381351918,0.3028447878154036
-59.755715417485554,-6.053796496310238,Floresta_Nativa,0.02503859087720404,0.007377521989650973,0.017799999999999996,0.0451,0.018480006340251383,0.03712000000000001,0.027300000000000005,0.3026637562529758,0.02793955601239177,0.2457,0.3587,0.2709400320821646,0.3419999350337826,0.11300000000000002,0.8488257344232931,0.03238466916682511,0.7572005383580079,0.8826530612244899,0.7946733522297357,0.8754692376650696,0.125452522866482
-59.80320222664237,-6.0262709004024435,Floresta_Nativa,0.021158105341194108,0.006412733522049683,0.012300000000000005,0.03620000000000001,0.01399000664239748,0.030672501908465617,0.023900000000000005,0.22939862973473532,0.038686949535615536,0.18140000000000003,0.3156,0.18390000434417084,0.27734998648594733,0.13419999999999996,0.8340963686204207,0.026942752559014422,0.7478230581678857,0.8775510204081632,0.797047191987707,0.8634917505391881,0.1297279622402775
-59.90469484353277,-6.21266493669496,Floresta_Nativa,0.032016560996148906,0.012820812138147668,0.018600000000000005,0.06740000000000002,0.020980006219599445,0.05143500288513138,0.04880000000000001,0.3025757205890663,0.026247247216642393,0.262,0.36760000000000004,0.2714,0.3275999910003662,0.10560000000000003,0.8132843940751426,0.054688513019297655,0.6584317937701396,0.8717241379310344,0.7219603187216532,0.8570680651830452,0.21329234416089482
-59.93201005673547,-6.160760629302582,Floresta_Nativa,0.038242623545302425,0.028934412646082895,0.007800000000000001,0.10600000000000001,0.019200004046399127,0.09400001654860755,0.09820000000000001,0.3119409270095413,0.049209888585013975,0.1404,0.38160000000000005,0.27840001344256793,0.36881994173859606,0.24120000000000005,0.7983984493175735,0.11610430974483839,0.49964597592636295,0.8947368421052632,0.5918461226280478,0.8775781174665285,0.3950908661789002
-59.76713432722545,-6.007663138321943,Floresta_Nativa,0.02949301561256902,0.01998857197270249,0.016100000000000003,0.0864,0.017499998464353014,0.06809994995001073,0.0703,0.2952986441619098,0.03689427216202429,0.2442,0.4013000000000001,0.24975000273014852,0.3286999964097206,0.1571000000000001,0.8265311045904107,0.09136884019582404,0.564516129032258,0.9027975343764817,0.6496915761321715,0.875168689435967,0.3382814053442237
-59.76482614869117,-6.249155330680592,Floresta_Nativa,0.028578011294439834,0.020194152799676138,0.016799999999999995,0.13440000000000002,0.01743000058453127,0.03684000475747118,0.11760000000000002,0.25875819606144274,0.042025268506428556,0.19899999999999998,0.3568,0.21180000714648436,0.3086,0.15780000000000002,0.8133117278854323,0.0749265480045901,0.45276872964169373,0.8574667962423064,0.7768540366713506,0.8506726006382858,0.40469806660061264
-59.82148312090254,-6.218795333612769,Floresta_Nativa,0.023883027921103517,0.010893762308214346,0.015200000000000005,0.0658,0.015920007823337006,0.033120000000000004,0.05059999999999999,0.2792265873289785,0.03128371028228127,0.23740000000000003,0.3489,0.23974,0.3163199731922506,0.11149999999999996,0.8454548324440351,0.05914074015894604,0.5943279901356352,0.888131946934385,0.8148719188259856,0.8803712566460988,0.2938039567987498
-59.87205989458326,-6.073992326783385,Floresta_Nativa,0.029831269417074133,0.015442894577602888,0.0175,0.08810000000000001,0.018000003458318935,0.0460999938426295,0.07060000000000001,0.3117180675304871,0.03855371257924147,0.25250000000000006,0.4101,0.26914000000000005,0.3492000019287046,0.15759999999999996,0.8296387986314498,0.07397031791974089,0.5230102869518137,0.8875,0.7978956729927501,0.8812541543346875,0.3644897130481862
-59.8971909359318,-6.130302378585021,Floresta_Nativa,0.05322861508439287,0.02238155267665698,0.027999999999999997,0.12940000000000002,0.03252000000000001,0.07336000016921321,0.10140000000000002,0.2454909847448746,0.055684834113048066,0.1687,0.3952,0.1874750365982249,0.3389400000000001,0.2265,0.6334979679341428,0.14286216864818083,0.40313653136531363,0.8571428571428572,0.45244072419494374,0.8136721674803079,0.4540063257775436
-59.75465883951732,-6.210999901096742,Floresta_Nativa,0.02718680094722989,0.010692064144974478,0.019600000000000006,0.0716,0.02048000434583507,0.03020001677972937,0.05199999999999999,0.2777181670469976,0.02882915070889534,0.24029999999999999,0.35950000000000004,0.24671999652499974,0.31399997416354586,0.11920000000000006,0.8246688785227329,0.04766013991399078,0.6282450674974039,0.8615330271988696,0.8080748300310541,0.8509406646238367,0.23328795970146565
-59.98962648341398,-6.142809711296314,Floresta_Nativa,0.03243713926280504,0.022320660747067338,0.0169,0.1416,0.01860000288193245,0.05304950262526079,0.1247,0.30620825291067644,0.029595554945413414,0.2023,0.36150000000000004,0.27980007774460564,0.3389699458094684,0.15920000000000004,0.8181756095672514,0.08969583627814805,0.43223736968724935,0.89103803997421,0.711618404831755,0.8803644878290837,0.4588006702869607
-59.76854541694706,-6.017879309766432,Floresta_Nativa,0.02908191728966934,0.013733195787265845,0.019100000000000006,0.07680000000000001,0.02246,0.037800000000000014,0.0577,0.32033861724830776,0.01767878055705633,0.2721,0.3648,0.2972049992722307,0.33528,0.0927,0.8365166999618702,0.06307699578298373,0.6024844720496895,0.8918153497592749,0.797806065140843,0.8703806580136368,0.28933087770958543
-59.790592809772015,-6.23672462608078,Floresta_Nativa,0.025296160893954808,0.010830207569230475,0.014399999999999996,0.0698,0.016760004899285155,0.03068000000000001,0.055400000000000005,0.2613218838724225,0.02466961509701511,0.20860000000000004,0.3127,0.23488003737418162,0.2987999462925116,0.10409999999999994,0.8276963775551688,0.05008255984503282,0.6243272335844996,0.8823529411764707,0.8052356709489646,0.8717759769442582,0.2580257075919711
-59.75310249453871,-6.222160133441436,Floresta_Nativa,0.02514736711466408,0.010861468091586937,0.016,0.06840000000000002,0.017160001298958394,0.03146,0.052400000000000016,0.27387256780685376,0.030922092613644862,0.2231,0.3335,0.236650001715781,0.3169500028543951,0.11040000000000003,0.835854087531269,0.05068696723052267,0.6284627919608908,0.8782343987823441,0.8089360779833108,0.8703427052205467,0.24977160682145327
-59.78464104548328,-6.139808963437141,Floresta_Nativa,0.02580682755738522,0.009544341320573697,0.017200000000000007,0.059600000000000014,0.017766667273046814,0.034275000601617304,0.04240000000000001,0.2696395360973031,0.03917812689609193,0.22490000000000002,0.36560000000000004,0.22690000000000002,0.3120799957236394,0.14070000000000002,0.8294865027290432,0.034361214972716825,0.7069092697319892,0.8601626016260161,0.7918523567240692,0.8558069803907618,0.1532533318940269
-59.759529596978744,-6.244901615415078,Floresta_Nativa,0.02671528698367676,0.011987006325746768,0.013499999999999998,0.07039999999999999,0.016840023896476417,0.03876000000000001,0.05689999999999999,0.28479035760077215,0.055536263854008026,0.19360000000000002,0.36730000000000007,0.21840003380093945,0.3568400075966619,0.17370000000000005,0.8313660388809337,0.056135009955629506,0.6514851485148514,0.8831739467562677,0.779153829019344,0.8743690059281354,0.2316887982414163
-59.76736954498934,-6.031630053668385,Floresta_Nativa,0.029962827907219654,0.013448096616063528,0.015,0.0819,0.022000011299171177,0.04588000000000001,0.0669,0.3451213423955484,0.033067286122886126,0.2432,0.42000000000000004,0.31995634283217045,0.3835999438677961,0.17680000000000004,0.8430821949854015,0.05881181320830886,0.5972461273666093,0.8838109992254067,0.7880099698281517,0.877815146762564,0.2865648718587974
-59.90108162102609,-6.236638271268267,Floresta_Nativa,0.028263521936233514,0.011406690146965891,0.014399999999999996,0.054400000000000004,0.016960000371249763,0.04709997220677646,0.04000000000000001,0.2592696274637829,0.03526150211228289,0.19650000000000004,0.36360000000000003,0.20682308037993685,0.28236,0.1671,0.8020476720706232,0.08644546464243297,0.5677393722685736,0.8972648432288194,0.6926619664017162,0.8819329361638332,0.32952547096024576
-59.77317471846848,-6.232214363418208,Floresta_Nativa,0.03523771382631328,0.01794854571318563,0.0218,0.08860000000000001,0.023740012568507263,0.06953821588100592,0.06680000000000001,0.33828039956704364,0.026875327783972155,0.3055,0.4121,0.31706007489430704,0.38664000000000004,0.10660000000000003,0.8153320043137638,0.08189625580303464,0.5742431523306102,0.8759248719408083,0.661839567779122,0.8637884151013222,0.3016817196101981
-59.8119911907309,-6.067370449829712,Floresta_Nativa,0.042419594560855166,0.007582413825414221,0.031799999999999995,0.06559999999999999,0.035399996814583085,0.054999982905203235,0.0338,0.22817575815746255,0.013934979292915269,0.20420000000000002,0.2801,0.20990000579166715,0.24316,0.0759,0.6886557804817189,0.03138165941754153,0.6050032916392364,0.7325483599663583,0.6298789656267023,0.7183509872979198,0.12754506832712187
-59.785532012996526,-6.041744415003911,Floresta_Nativa,0.03370187366723969,0.015397192135604632,0.0208,0.0862,0.025480000315302728,0.03820000321450756,0.0654,0.35066995671634404,0.03011417770332934,0.2611,0.4071,0.323894289974369,0.3883999988131941,0.14600000000000002,0.8263034853820937,0.07138095238875294,0.5841775205016884,0.8794147325933399,0.8020669443582256,0.8664400275305025,0.29523721209165155
-59.81201843633126,-6.030389092658651,Floresta_Nativa,0.034291629272853896,0.021961852811005645,0.016200000000000006,0.10300000000000001,0.018699999545442568,0.054999964387507635,0.0868,0.26737465708210023,0.0350092023125703,0.20870000000000002,0.3416,0.22990002008741545,0.3162200107364552,0.1329,0.7872629936734078,0.08489590338605685,0.5366621682411157,0.8618336886993602,0.6580667109971693,0.8520581836539592,0.3251715204582445
-59.858207562768,-6.036054759431478,Floresta_Nativa,0.029694844591865038,0.011624131812494276,0.019600000000000006,0.0683,0.02094000107728429,0.046119954521884776,0.04869999999999999,0.2856602989952798,0.018303366524230372,0.2119,0.3195,0.2643454650227517,0.30330000375737065,0.1076,0.8138574257131467,0.06307526531687027,0.5866716585548484,0.8644067796610169,0.7350136921387561,0.8554019801762988,0.2777351211061685
-59.91072486527585,-6.1756661823278955,Floresta_Nativa,0.02971588537975587,0.01516564070392756,0.017699999999999994,0.08100000000000002,0.018400004247222573,0.04312500432466265,0.06330000000000002,0.28794060091539103,0.0326368885965475,0.17950000000000002,0.3416,0.2636000094642531,0.32416,0.1621,0.8183604205355984,0.07323861323832151,0.5578602620087335,0.873886223440713,0.7638185988733943,0.8697102814079835,0.3160259614319795
-59.88038710024763,-6.175944758307025,Floresta_Nativa,0.0266117777855083,0.012612371009210357,0.0174,0.0776,0.017839999735833504,0.03459999885444269,0.060200000000000004,0.30995120942618465,0.03243212698767359,0.26470000000000005,0.37640000000000007,0.2731400148205661,0.35429984440817486,0.11170000000000002,0.8459710027480748,0.05482941905819122,0.6127744510978044,0.8920386007237634,0.8203350288131765,0.8810662927232426,0.279264149625959
-59.986141505771165,-6.07541756473944,Floresta_Nativa,0.03437628907256272,0.009783049764126228,0.020599999999999993,0.05860000000000001,0.02205000125398041,0.04366,0.03800000000000002,0.3140681453679132,0.0249691298228385,0.2852,0.4055000000000001,0.29274000000000006,0.3383998979348323,0.12030000000000007,0.8070968064854163,0.041589976630191455,0.7237569060773482,0.867454884878656,0.7584052088852694,0.8592440741704929,0.14369797880130775
-59.794945557223635,-6.010856846965829,Floresta_Nativa,0.03029204938487704,0.015678313099391272,0.016399999999999998,0.086,0.018639998508195622,0.052999941423555394,0.0696,0.2481390404164025,0.04771730993325128,0.1831,0.3607,0.1924200033529798,0.305999984389578,0.1776,0.7898912603582023,0.06541956000095518,0.5612244897959184,0.8649535265172226,0.7280792264132403,0.8413158812685407,0.30372903672130414
-59.78006171080836,-6.188235454327531,Floresta_Nativa,0.029469898084743602,0.0157187605326014,0.0203,0.0832,0.020500002990968276,0.03692000462889087,0.0629,0.3488504953803954,0.03447466671266634,0.28180000000000005,0.4328000000000001,0.30276665607070785,0.3792998916034478,0.15100000000000002,0.8463919830820272,0.06794697459908551,0.6147256309330864,0.8958333333333333,0.8271821338574347,0.8917332947830235,0.28110770240024685
-59.7952096441443,-6.069522037034431,Floresta_Nativa,0.029182356394094968,0.006706419209169048,0.020100000000000007,0.043300000000000005,0.022660004635557406,0.03980000212157498,0.0232,0.31047049168106483,0.022183240059718005,0.27980000000000005,0.3772,0.28749999797194364,0.33702985263647894,0.09739999999999993,0.8294616734845197,0.028684224781113214,0.7702407002188182,0.8727445394112061,0.7802925655203627,0.85603613326886,0.10250383919238792
-59.9915421777473,-6.165472234541871,Floresta_Nativa,0.029400071855650304,0.01828271573574978,0.015399999999999997,0.08299999999999999,0.015980000494999678,0.06122500515393437,0.0676,0.24739931593306583,0.0339513114361121,0.17579999999999998,0.3145,0.21210004393406653,0.3008999618853136,0.13870000000000002,0.7936279184014146,0.11736700681222977,0.4252128090798541,0.8777292576419214,0.628606279140277,0.8705942016442296,0.45251644856206735
-59.86814665745471,-6.107391365022351,Floresta_Nativa,0.024115921774835365,0.010761808657199562,0.010099999999999998,0.056400000000000006,0.012339997581802578,0.034660001015279295,0.04630000000000001,0.2574091112528479,0.05320519601289554,0.1938,0.37760000000000005,0.20116003534612523,0.3361100236680613,0.18380000000000005,0.835961807613312,0.043079229692596796,0.7092034029389017,0.9016074037993181,0.7875970179171518,0.8863880351939953,0.19240400086041642
-59.85666551993472,-6.196129605470318,Floresta_Nativa,0.025257092340631986,0.009151068340305067,0.0175,0.056499999999999995,0.01815000006503484,0.03199998348798041,0.03899999999999999,0.3270976017211702,0.02278403637704101,0.2722,0.3728,0.3023800108781358,0.3569999912651256,0.10060000000000002,0.8581173714473157,0.04405219950180756,0.7005035780545985,0.9058633674018288,0.8313374756509537,0.8944772231055866,0.20535978934723031
-59.87054143244817,-6.139740413496874,Floresta_Nativa,0.029010267847714002,0.008911414005636163,0.019299999999999998,0.056999999999999995,0.01949999980731469,0.03840000000000001,0.0377,0.29574545358194543,0.019415680966833892,0.2352,0.3295,0.278367267499276,0.3188799023345604,0.09430000000000002,0.8228512216183819,0.04706998589490451,0.6890484739676841,0.8755583918315252,0.7842402281668228,0.869063768315111,0.18650991786384108
-59.81223582968611,-6.122426755142462,Floresta_Nativa,0.02513760713611036,0.006949473756514294,0.017699999999999994,0.048000000000000015,0.019059999554513374,0.03510000086791703,0.03030000000000002,0.314698251358747,0.01660850421779641,0.2842,0.36040000000000005,0.30049999571713804,0.33953984760459055,0.07620000000000005,0.8538451885347669,0.03340798352524226,0.7562833206397561,0.8910769230769231,0.8038937023416235,0.8836353452533859,0.13479360243716698
-59.99952425311637,-6.198562599625795,Floresta_Nativa,0.038319676991402006,0.020264342443758594,0.0203,0.0922,0.021400000000000006,0.06897996799725699,0.0719,0.31299244085227174,0.03585638320774747,0.2376,0.3852,0.2683000391754837,0.3608999689745471,0.14759999999999998,0.7912216962752628,0.079613711893339,0.5615786970993818,0.8680038822387579,0.6704250150818506,0.8649367186715666,0.3064251851393761
-59.87798150238008,-6.170961303438039,Floresta_Nativa,0.030732652019029673,0.02451310143783052,0.017100000000000004,0.1396,0.018400000960644147,0.03696000000000001,0.1225,0.30488689463632207,0.03253932436254441,0.2033,0.3677,0.2816999997372478,0.3440999338598089,0.16440000000000002,0.8264750736548281,0.09902125380982106,0.41097046413502114,0.8898195876288659,0.7934376977860184,0.8839542697963936,0.4788491234938448
-59.989031956246166,-6.0695448512445145,Floresta_Nativa,0.030435640499250835,0.00786758785290763,0.020500000000000004,0.052199999999999996,0.022219999999999997,0.041428578078795825,0.03169999999999999,0.3088770600320212,0.017331662862497463,0.28090000000000004,0.35750000000000004,0.288800018701363,0.33079994910659705,0.0766,0.8219711340215294,0.03937739223450606,0.7034933257597273,0.8763197586726997,0.770253540430983,0.8615836345767862,0.1728264329129724
-59.96601998614902,-6.170855796405226,Floresta_Nativa,0.036235040788136996,0.022053552671740646,0.019000000000000003,0.1028,0.019440000000000002,0.07215201848108414,0.0838,0.3039230196562963,0.02966131913040052,0.2579,0.3648,0.2654399855524986,0.34404,0.1069,0.7952428617861123,0.10274966975473085,0.48548548548548554,0.8728246318607763,0.6241242017103801,0.8672114134142797,0.38733914637529077
-59.8209461066449,-6.054312421588219,Floresta_Nativa,0.05901941893909105,0.019291980930927047,0.0406,0.1104,0.044399999999999995,0.08699995534000958,0.0698,0.19945356291851324,0.031789480913905634,0.162,0.3012,0.16944000000000004,0.2355999292562652,0.13920000000000002,0.5513085061422448,0.06406697472690119,0.4093097913322632,0.6660536962118425,0.4699855484187764,0.6261008768911054,0.2567439048795793
-59.84272452436227,-6.210741348400066,Floresta_Nativa,0.02373021956058095,0.008225296809388072,0.016,0.050100000000000006,0.01649999927569492,0.031100004725326074,0.034100000000000005,0.28014666434285396,0.008007451208808868,0.2701,0.2974,0.2718200018549988,0.29537999097873624,0.02729999999999999,0.8455924622946532,0.0471077773430571,0.6919766369505072,0.889004509191814,0.8020369018074786,0.8874872166541568,0.1970278722413068
-59.98239108036952,-6.178599281771569,Floresta_Nativa,0.03672177296352223,0.019927916901883887,0.0175,0.09460000000000002,0.01897999970037061,0.06079998439246048,0.07710000000000002,0.320146861496697,0.030210214591759675,0.26480000000000004,0.3873,0.2840000225875019,0.3627998883095151,0.12249999999999994,0.798295723919668,0.10081994226521623,0.47356705620478573,0.8882503192848019,0.6834158722179597,0.877002719643306,0.4146832630800162
-59.97977557020064,-6.033129053806435,Floresta_Nativa,0.03054108550772027,0.01656289273489932,0.019199999999999995,0.088,0.020580002837724477,0.04300004782692887,0.0688,0.30175705005868153,0.02562269772889357,0.23879999999999998,0.34520000000000006,0.28030000907361186,0.3330999928975807,0.10640000000000008,0.8219427899026944,0.07174828300753795,0.5694716242661448,0.873767258382643,0.7752205833076377,0.8671673891523604,0.3042956341164982
-59.85198874324478,-6.16814277852007,Floresta_Nativa,0.028283499079955563,0.013932778911435002,0.013800000000000007,0.0799,0.018650000302684926,0.03679996618969242,0.06609999999999999,0.299223994927447,0.04650924139407759,0.1579,0.376,0.2673000074361988,0.34639998419223134,0.2181,0.832370759346895,0.054187785550190624,0.6212372600142214,0.8745896257386736,0.798221176529016,0.8722680509709292,0.2533523657244522
-59.981540700346805,-6.15666605481001,Floresta_Nativa,0.03666537543711569,0.019445795104712515,0.020000000000000004,0.0885,0.021957893427623568,0.07099991308649747,0.06849999999999999,0.30612161536785837,0.015148130884039239,0.2732,0.3395,0.2895000088336875,0.3198,0.06630000000000003,0.792172646427256,0.0906706808377189,0.5630126771066368,0.8708844415752097,0.6024018647571958,0.8606930984520929,0.3078717644685729
-59.77307226565256,-6.227029956063065,Floresta_Nativa,0.025115419275295852,0.010656249057614201,0.013300000000000006,0.0668,0.01698666766603972,0.033560033507489095,0.05349999999999999,0.2574560890155263,0.02078565090177608,0.2245,0.3066,0.23458,0.2906000147061598,0.08209999999999998,0.8266623877011611,0.05140671543410988,0.6261891438164522,0.8881412952060554,0.7941643682373136,0.8681402036137703,0.26195215138960326
-59.91339369734365,-6.033373945186844,Floresta_Nativa,0.03029280558953518,0.011984594435429327,0.018000000000000002,0.0852,0.020779994977498478,0.04304000566864266,0.0672,0.2941750796447568,0.019980782639653864,0.25950000000000006,0.3318,0.267040005229878,0.3247000013113909,0.07229999999999992,0.8180753406951079,0.05052470916050409,0.589100554617796,0.8725663716814158,0.7679583323296237,0.8581813188586618,0.28346581706361984
-59.85361803268656,-6.138626671262912,Floresta_Nativa,0.034914310548893476,0.019445996975464157,0.018199999999999994,0.0952,0.020589999545648434,0.05187144297264314,0.07700000000000001,0.2841166406323564,0.045669244547756525,0.1953,0.36519999999999997,0.2266000301898,0.3520857209933453,0.16989999999999997,0.7908867252088279,0.07058501803612857,0.5864465682015638,0.8511662347278786,0.7021714132207533,0.8458207205026618,0.26471966652631473
